isim;soyisim;email;telefon;şehir;yaş;kayıt_tarihi;puan
Özokçu;İnönü;hayriogluabdis@petrol.org;+90 (303) 4212522;Alazshire;52;2021-10-08;83.69
Sebigül;Gülen;ulkerozger@demir.com;799 4 426;South Neptünbury;61;2022-02-27;45.64
Gökbudun;Mansız;demirelsonnur@gmail.com;+90(390)701-0752x244;South Sedifemouth;53;2023-08-25;8.01
Özalpsan;Yaman;qkoruturk@yorulmaz.com;0551-657 6842;Aslanhanmouth;30;2024-04-15;67.71
Önel;Bilgin;tokersama@gmail.com;0823-672 3527;Akçayfurt;48;2021-10-21;76.36
Turabi;Yılmaz;rzengin@manco.com;0378-861 4525;West Övermouth;47;2024-08-28;28.0
Halenur;Aksu;huda96@arslan.info;+90 (355) 5556794;West Özbilekchester;26;2023-09-05;98.27
Yönetmen;Çetin;gokcebalanzorlu@gmail.com;1454981950;İhsanoğluview;55;2022-09-22;92.05
Mucahit;Gül;tulker@gmail.com;0108-788 4126;South Borataşhaven;41;2025-02-14;13.59
Timurtaş;Demir;ozgun68@corlu.com;(676)716 4400;Mançoborough;19;2024-08-13;20.31
Tuğçe;Bilgin;mefarettinsezgin@sama.com;0281 070 31 20;Öryürekview;35;2023-06-16;92.58
Aköz;Fırat;tertas@dumanli.com;+90(483)476-3823x8518;Türkview;30;2023-02-02;7.53
Anargül;Seven;qtevetoglu@erdogan.com;0404-800 1834;Lake Mülâyim;43;2023-08-09;46.76
Görgünay;Akar;wulker@yahoo.com;+90 (028) 8333212;Serhatmehmetland;48;2025-06-05;27.62
Şehza;Kısakürek;azade81@guclu.org;+90(373)9290122;Lake Cevale;37;2024-01-02;10.26
Evrimer;Hançer;abilir@hotmail.com;192 1 882;Bellisanhaven;61;2023-10-31;35.97
Arpağ;Tarhan;ozludemirel@yahoo.com;4445629090;Akarmouth;19;2023-06-13;57.05
İşcan;Durdu;kuddusi94@gmail.com;4443401669;İzelberg;55;2022-10-05;61.86
Baykan;Güçlü;recepali36@hotmail.com;+90(350)322-9094x931;New Müfitville;27;2025-05-08;45.26
Durmuşali;Akçay;akcanevise@arcelik.com;(272)164 1939;Melikkanstad;50;2022-07-21;5.93
Goncafer;Durdu;yahsikandumanli@turk.com;0482 953 52 74;Akçayfurt;64;2023-10-11;87.15
Tezcan;Akdeniz;aylilinonu@yahoo.com;+90(531)620-2694x8402;Eraslanview;53;2024-10-12;94.62
Müret;Aslan;sendogan05@hotmail.com;+90(387)681-7073x213;Lake Nili;50;2024-11-22;54.3
Özdoğdu;Yaman;yildirimmetinkaya@yahoo.com;+90 (047) 9974688;Boynakmouth;34;2020-11-10;1.0
Birgül;Akgündüz;aslanorik@alemdar.com;068 7 402;East Zahfermouth;24;2022-11-18;83.16
Özgür;Manço;henife14@sakarya.com;+90 (074) 6738764;Arslanville;26;2024-05-18;93.93
Elhan;Türk;guvercin43@ford.com;1607510095;South Leyli;26;2021-11-14;49.49
Mirbadin;Duran;abdurresit70@akca.biz;+90(450)4665716;East Ferzi;30;2021-02-23;55.82
Hüryaşar;Şama;nazlim18@gmail.com;0489 609 15 57;Soylufort;46;2022-06-28;95.32
Beyhatun;Alemdar;ozdes03@yahoo.com;0775-800 6858;New Boztaş;67;2021-07-31;2.28
Canal;Ülker;nudret95@gmail.com;8520338669;East Tezol;69;2022-11-05;32.52
Zülgarni;Güçlü;cevregul55@demirel.com;+90 (434) 3460843;Eroğultown;22;2024-12-15;41.98
Borahan;Gülen;adumanli@hotmail.com;8234509513;Durgadintown;44;2024-11-18;78.81
Özakan;Yorulmaz;melikkan62@lc.com;+90 (535) 9561334;Yeneralton;53;2024-07-29;16.97
Semrin;Şama;banu05@gul.net;0796-234 7399;Şafakberg;23;2023-03-03;29.29
Yekda;Sezer;melikkan37@akar.biz;+90 (744) 7697532;Hayrioğlumouth;35;2021-05-13;0.01
Hasgül;Aslan;durdusalkin@ertas.com;+90(780)6923778;Boğatimurland;68;2023-05-27;19.49
Hükümdar;Durmuş;hakgunduz@sisecam.info;816 1 137;Bahittinshire;47;2024-12-16;92.8
Mahigül;Güçlü;samanigmet@opet.info;+90(865)909-2609x2792;Turabiton;66;2021-02-16;91.34
Gözel;Sezer;adviye24@yahoo.com;+90(344)089-9691x2463;Zemzemland;59;2021-05-19;26.52
Karataş;Duran;hafiza22@yahoo.com;+90(021)191-3739x096;Port Kadınanahaven;29;2023-02-13;55.6
Lezize;Dumanlı;gulenbahtinur@hotmail.com;0781-891 4523;Utkucanburgh;68;2024-04-11;17.74
Özgür;Duran;dalan85@dumanli.com;+90(203)152-7753x924;Yavuzfurt;30;2023-12-28;88.21
Hariz;Sakarya;cemiyleakcay@yahoo.com;0927 096 36 02;West Semrinland;66;2022-01-27;48.83
Arziye;Bilge;feden36@mansiz.com;3843859269;New Yıldız;66;2022-11-02;42.18
Uğan;Fırat;inonucagveren@ford.com;976 4 303;Oksevenland;65;2025-05-14;22.55
Mesude;İnönü;gulevaksu@duran.com;+90(965)863-1985x917;Ergülmouth;25;2024-01-31;76.25
Aliseydi;Arslan;cilga97@hotmail.com;+90(510)292-7737x4224;West Özçam;33;2023-02-04;38.18
Güngören;Hayrioğlu;itarhan@arsoy.com;+90 (303) 1777460;Gültown;53;2022-09-22;3.97
Yıldır;Şama;limon01@anadolu.com;+90(225)7311129;Lake Elhanville;32;2025-09-07;33.47
Tuğtaş;Alemdar;soylutevs@yuksel.org;0656-313 6255;Işinmouth;38;2025-07-31;75.59
Eskinalp;Akçay;mansizharbinaz@gmail.com;2530759395;Sirapport;55;2023-07-27;97.83
İlbek;Güçlü;bilgezeyno@petkim.org;458 6 400;New Ummahaniburgh;50;2025-06-18;82.63
Altınbike;Yıldırım;gulsalincorlu@mansiz.com;+90(299)975-8303x6826;Lake Nayilport;19;2022-09-09;25.22
Sayin;Zorlu;sevindik10@gmail.com;0050 232 37 68;North Nesipberg;55;2021-10-09;15.15
Halenur;Yıldırım;sezginturkmen@sok.info;603 9 884;Nezizeshire;63;2024-02-16;16.11
Nurey;Bilge;sevimyorulmaz@sezgin.com;+90(381)828-3234x3070;West Alkorberg;67;2025-05-18;10.71
Sümeyye;Çorlu;sevsevil92@akca.com;020 8 812;Port Fersanstad;29;2025-03-12;89.78
Gökçil;Güçlü;pakgunduz@yahoo.com;0812-481 0087;New Gülevshire;48;2022-11-15;45.87
Ticen;Durdu;xocalan@ihsanoglu.info;8680279442;Altoğanmouth;56;2024-08-20;78.15
Atalay;İnönü;tdumanli@petkim.com;+90(654)1076162;South Biltaş;56;2022-10-20;53.85
İslime;Durdu;corluhabibe@yahoo.com;2659576459;Şilanchester;51;2023-07-26;32.04
Kiyasi;Akdeniz;ffirat@yahoo.com;+90 (592) 5139517;Mançoburgh;46;2022-02-10;82.36
Gökçe;Yılmaz;rezzakturk@bilir.net;+90(985)020-6963x107;West Kılıçbay;32;2024-06-18;95.46
İmren;Seven;gsafak@anadolu.info;+90(477)946-1727x705;Port Abdulkadir;41;2022-10-19;8.61
Zihni;Çorlu;pembesinsoylu@hotmail.com;+90 (775) 1667991;Aysevimville;56;2024-07-22;84.34
Ürfettin;Korutürk;hzorlu@gmail.com;+90(300)832-4140x5285;Lake Yekbuntown;65;2020-12-04;11.25
Şahinder;Fırat;jdurmus@aksu.com;853 9 512;Şensoystad;62;2021-02-22;85.26
Kalgay;Korutürk;erkilicaslan@ulker.com;6995257268;Uğurtanmouth;40;2023-04-23;79.8
Tümkurt;Alemdar;yankidemirel@yahoo.com;6585943102;South Nesfe;65;2025-02-22;18.32
Nilcan;Ergül;eertas@gmail.com;+90 (362) 1787670;Bilginfurt;55;2025-05-14;93.69
Yazgül;Zorlu;gucalertas@inonu.net;+90 (428) 5513254;East Aysevim;24;2024-11-29;5.04
Rıfkıye;Demir;serda17@sakarya.com;0992-823 7399;New Göktenshire;43;2022-11-02;44.37
Sevgen;Arslan;akarberki@gmail.com;+90(423)057-2809x390;Lake Zennunshire;65;2025-01-03;73.13
Laze;Tevetoğlu;lale71@yorulmaz.com;+90(010)999-2218x5995;Ertaşmouth;21;2023-04-18;80.89
Hakikat;Eraslan;erdoganselatin@dumanli.info;+90(930)570-4391x5740;Kermanport;44;2021-07-19;17.37
Alcan;Manço;yyildirim@gmail.com;0929-745 3296;North Musafet;25;2024-06-14;84.56
Sargın;Aksu;zerafet65@akcay.com;+90 (648) 1621328;South Hükümdarmouth;55;2021-06-21;40.88
Güngören;Aslan;adal22@sener.biz;+90 (446) 4929290;North Şanlı;61;2024-11-24;48.99
Rojnu;Şafak;buhariarslan@bilir.com;(796)799 2523;New Bicanside;25;2021-04-08;40.98
Çetinsu;Demir;demirrafia@gmail.com;775 3 611;Türkbury;38;2024-12-15;22.09
Sayın;Şama;gozem45@sok.com;0363 545 48 30;North Eflâtunbury;25;2021-07-23;55.13
Nural;Sakarya;ngul@hotmail.com;7736198739;Gülenborough;29;2024-01-03;54.6
Gelengül;Yüksel;akdenizkiziltunc@hancer.com;0748-809 4590;New Çolpanmouth;57;2020-11-01;39.37
Muarra;Akçay;olus83@koruturk.com;0559 109 86 76;Tevetoğluview;25;2023-12-03;39.81
Gülbani;Şensoy;gulyumun@turk.com;(235)523 5867;Lake Ayçan;33;2021-05-13;24.51
Dilşat;Akçay;koray38@gmail.com;+90(588)6137192;Bilginberg;28;2023-12-04;64.4
Kınel;Ergül;remazan66@hotmail.com;+90 (203) 9576905;East İhsan;70;2024-04-07;79.81
İlmafer;Aksu;atiyye44@zengin.info;+90(645)1949937;Nihanview;36;2024-07-30;52.41
Nürice;Korutürk;ahayrioglu@durdu.com;0788-237 3385;Güçlüland;49;2021-02-13;2.74
Atgun;Eraslan;avsin80@yahoo.com;0040-863 1272;South Fatinurburgh;25;2022-12-11;79.42
Aylil;Aslan;rhancer@yahoo.com;+90(854)049-5147x9249;Menfeattown;25;2022-10-13;26.63
Ömriye;Alemdar;edurmus@yaman.com;+90(352)235-0891x367;West Ergenerport;48;2020-12-04;88.12
Yurtseven;Yorulmaz;derkaybilgin@gmail.com;0176-375 6724;North Şerman;42;2023-07-04;10.55
Muvaffak;Aslan;sadiman08@yahoo.com;101 6 581;Akdenizside;23;2025-06-13;75.65
Özbilek;Öcalan;sebla77@yahoo.com;0098-554 6567;North Baytal;23;2025-02-15;47.61
Esengün;Çorlu;fehmiyeturk@sisecam.com;+90(415)504-8855x749;Sezermouth;44;2025-02-12;77.35
Tülin;Kısakürek;bahaddinseven@gmail.com;+90(238)7408949;West Meyhanimfort;50;2023-11-15;19.21
Haliye;Karadeniz;firatbinbasar@hotmail.com;+90 (316) 4556926;West Özgünstad;64;2023-05-21;56.66
Pembesin;Hayrioğlu;lufendemir@hotmail.com;596 1 917;Şensoyfurt;41;2022-03-04;18.67